Feedback ID,Customer ID,Customer Name,Customer Segment,Industry,Subscription Plan,Feedback Date,Feedback Source,Feedback Type,Feedback Text,Product Area,Feature Requested,Pain Point Category,Severity Level,Sentiment Score,Customer Satisfaction Score,NPS Score,Frequency of Similar Requests,Revenue Impact,Retention Risk,Business Value Score,Customer Impact Score,Strategic Alignment Score,Development Effort,Priority Score,Roadmap Decision,Roadmap Quarter,Feedback Status
FB001,CUST1014,Customer 15,Startup,Retail,Starter,2026-06-04,Customer Interview,Feature Request,The mobile experience needs a cleaner workflow and faster loading.,UI/UX,Mobile App Improvements,Missing Capability,High,-0.01,3,7,7,Medium,High,1,5,4,Low,9.84,Roadmap / Prioritize,Q4,New
FB002,CUST1014,Customer 49,SMB,Healthcare,Pro,2026-01-27,Survey,Integration Request,New users are struggling to understand the first setup steps. We would consider broader adoption if this were improved.,UI/UX,Onboarding Improvements,Integration Gap,Medium,0.63,4,41,29,Medium,High,1,2,4,Low,10.0,Roadmap / Prioritize,Q2,Under Review
FB003,CUST1040,Customer 57,SMB,Healthcare,Pro,2026-05-28,Support Ticket,Bug,We are seeing repeated issues here and it is affecting daily workflows.,API,API Rate Limit Increase,Reliability,High,0.29,4,15,3,High,Medium,4,1,5,Low,9.5,Roadmap / Prioritize,Q3,Closed
FB004,CUST1043,Customer 18,Startup,Professional Services,Starter,2026-06-24,Product Usage,Feature Request,Exporting large datasets one by one is slowing our reporting process. This would make the workflow more efficient for our team.,Data Export,Bulk Export,Missing Capability,Low,0.6,4,37,15,High,Low,4,3,2,Medium,9.02,Roadmap / Prioritize,Q2,Under Review
FB005,CUST1015,Customer 53,Enterprise,SaaS,Enterprise,2026-07-26,App Store Review,Pricing Feedback,Searching large workspaces takes too long. We would consider broader adoption if this were improved.,Search,Faster Search,Pricing,High,-0.08,2,-26,30,Low,High,5,2,3,High,8.96,Roadmap / Prioritize,Q2,New
FB006,CUST1036,Customer 35,SMB,Healthcare,Pro,2026-07-11,Community Forum,Feature Request,International users need localized navigation and help content. We would consider broader adoption if this were improved.,Localization,Multi-language Support,Missing Capability,Low,0.29,3,24,21,Low,Medium,4,2,3,Low,8.66,Roadmap / Prioritize,Q1,Closed
FB007,CUST1028,Customer 39,SMB,SaaS,Pro,2026-04-09,Sales Feedback,Performance Issue,Our integrations hit API limits during peak processing windows. The current experience is causing avoidable friction.,API,API Rate Limit Increase,Performance,Low,0.2,3,31,9,Medium,Low,1,1,2,Medium,4.31,Monitor,Q3,Closed
FB008,CUST1011,Customer 30,SMB,SaaS,Pro,2026-07-04,Product Review,Usability Issue,We are seeing repeated issues here and it is affecting daily workflows.,UI/UX,Mobile App Improvements,Usability,Low,0.39,4,10,1,Medium,Low,5,3,3,Low,9.04,Roadmap / Prioritize,Q4,Accepted
FB009,CUST1050,Customer 60,Free,Retail,Free,2026-01-01,Community Forum,Customer Experience Issue,Searching large workspaces takes too long.,Search,Faster Search,Experience,Low,0.3,4,7,20,High,Medium,2,2,3,Medium,8.45,Roadmap / Prioritize,Q2,Planned
FB010,CUST1049,Customer 35,Mid-Market,FinTech,Business,2026-02-02,Product Usage,Feature Request,International users need localized navigation and help content. This would make the workflow more efficient for our team.,Localization,Multi-language Support,Missing Capability,Low,0.56,4,35,20,Low,Low,5,1,1,Medium,6.24,Roadmap / Evaluate,Q1,New
FB011,CUST1024,Customer 29,SMB,Retail,Pro,2026-04-26,Survey,Performance Issue,We are seeing repeated issues here and it is affecting daily workflows.,UI/UX,Mobile App Improvements,Performance,Low,0.28,4,20,28,Very High,High,2,3,4,High,10.0,Roadmap / Prioritize,Q4,Closed
FB012,CUST1005,Customer 33,Mid-Market,FinTech,Business,2026-03-13,Product Usage,Feature Request,We need deeper analytics and trend visibility for product reviews. We would consider broader adoption if this were improved.,Analytics,Advanced Analytics Dashboard,Missing Capability,Medium,-0.1,3,-21,15,Low,Medium,1,2,1,High,3.37,Monitor,Q3,Analyzed
FB013,CUST1028,Customer 27,SMB,Education,Pro,2026-08-10,Customer Interview,Performance Issue,We are seeing repeated issues here and it is affecting daily workflows.,UI/UX,Onboarding Improvements,Performance,Medium,0.26,2,2,16,High,High,2,1,1,Medium,7.1,Roadmap / Prioritize,Q2,Analyzed
FB014,CUST1012,Customer 18,Startup,Education,Starter,2026-03-05,Survey,Positive Feedback,"A dark mode would make long working sessions easier on the eyes. Overall, this part of the product is working very well.",UI/UX,Dark Mode,Strength,Medium,0.84,5,57,22,High,Low,2,2,5,Medium,9.22,Roadmap / Prioritize,Q2,Accepted
FB015,CUST1056,Customer 26,SMB,SaaS,Pro,2026-02-12,Sales Feedback,Product Enhancement,Searching large workspaces takes too long.,Search,Faster Search,Workflow Improvement,Critical,-0.53,1,-46,35,High,High,2,2,4,Medium,10.0,Roadmap / Prioritize,Q2,Under Review
FB016,CUST1004,Customer 04,Enterprise,Retail,Enterprise,2026-05-03,Social Media,Bug,International users need localized navigation and help content. Please improve this before the next release.,Localization,Multi-language Support,Reliability,High,-0.28,3,-15,32,Low,Low,1,5,5,Low,9.63,Roadmap / Prioritize,Q1,Analyzed
FB017,CUST1016,Customer 38,Free,Retail,Free,2026-01-11,Community Forum,Performance Issue,We are seeing repeated issues here and it is affecting daily workflows.,Analytics,Advanced Analytics Dashboard,Performance,High,-0.64,2,-50,12,Low,Low,2,4,1,High,4.18,Monitor,Q3,Planned
FB018,CUST1020,Customer 30,Enterprise,Healthcare,Enterprise,2026-07-12,Survey,Integration Request,We need more granular permissions for different teams. We would consider broader adoption if this were improved.,Security,Role-Based Permissions,Integration Gap,High,-0.34,3,-11,17,Low,Medium,2,3,4,Low,7.85,Roadmap / Prioritize,Q3,Closed
FB019,CUST1029,Customer 54,Enterprise,Retail,Enterprise,2026-06-30,Product Review,Pricing Feedback,We need more granular permissions for different teams.,Security,Role-Based Permissions,Pricing,High,0.11,3,4,14,Medium,Low,3,1,2,Medium,6.02,Roadmap / Evaluate,Q3,Under Review
FB020,CUST1036,Customer 10,SMB,Healthcare,Pro,2026-03-14,Community Forum,Positive Feedback,"We need a complete audit trail for compliance reviews. Overall, this part of the product is working very well.",Security,Audit Logs,Strength,Medium,0.87,4,58,20,Very High,Low,2,3,1,High,7.6,Roadmap / Prioritize,Q4,Closed
FB021,CUST1001,Customer 22,Mid-Market,FinTech,Business,2026-06-13,Product Review,Bug,We are seeing repeated issues here and it is affecting daily workflows.,Security,Audit Logs,Reliability,Low,0.14,3,20,33,Medium,High,1,1,4,High,7.82,Roadmap / Prioritize,Q4,New
FB022,CUST1036,Customer 10,Mid-Market,Education,Business,2026-02-02,Customer Interview,Usability Issue,New users are struggling to understand the first setup steps. Please improve this before the next release.,UI/UX,Onboarding Improvements,Usability,Medium,0.58,4,53,8,Low,High,2,5,1,High,6.46,Roadmap / Evaluate,Q2,Planned
FB023,CUST1010,Customer 60,Mid-Market,FinTech,Business,2026-08-10,NPS Survey,Complaint,Billing notifications should arrive before invoices become overdue. The current experience is causing avoidable friction.,Billing,Billing Alerts,Customer Dissatisfaction,Low,0.55,4,43,14,Medium,Medium,3,5,4,High,9.78,Roadmap / Prioritize,Q4,Closed
FB024,CUST1025,Customer 56,Free,SaaS,Free,2026-08-08,Customer Success,Product Enhancement,International users need localized navigation and help content. This would make the workflow more efficient for our team.,Localization,Multi-language Support,Workflow Improvement,Critical,-0.02,3,17,22,High,Low,2,3,2,Medium,7.96,Roadmap / Prioritize,Q1,New
FB025,CUST1023,Customer 42,Mid-Market,Retail,Business,2026-04-13,Product Usage,Product Enhancement,Our team wants product alerts delivered directly into Slack. This would make the workflow more efficient for our team.,Integrations,Slack Integration,Workflow Improvement,High,-0.88,2,-61,15,Low,Medium,4,3,3,High,6.64,Roadmap / Prioritize,Q3,Analyzed
FB026,CUST1047,Customer 51,Free,Healthcare,Free,2026-04-22,Community Forum,Performance Issue,We need deeper analytics and trend visibility for product reviews. The current experience is causing avoidable friction.,Analytics,Advanced Analytics Dashboard,Performance,Low,0.37,4,2,17,Low,High,3,1,1,Medium,5.9,Roadmap / Evaluate,Q3,Analyzed
FB027,CUST1059,Customer 22,Free,Retail,Free,2026-03-22,Product Usage,Feature Request,International users need localized navigation and help content. We would consider broader adoption if this were improved.,Localization,Multi-language Support,Missing Capability,High,-0.21,3,3,3,High,Low,5,2,3,Medium,8.11,Roadmap / Prioritize,Q1,Closed
FB028,CUST1044,Customer 48,Startup,FinTech,Starter,2026-06-07,Community Forum,Integration Request,The mobile experience needs a cleaner workflow and faster loading. We would consider broader adoption if this were improved.,UI/UX,Mobile App Improvements,Integration Gap,High,-0.3,2,-27,27,Low,Medium,5,2,2,Medium,8.24,Roadmap / Prioritize,Q4,Accepted
FB029,CUST1033,Customer 31,Mid-Market,Professional Services,Business,2026-02-13,Product Usage,Performance Issue,We need deeper analytics and trend visibility for product reviews. Please improve this before the next release.,Analytics,Advanced Analytics Dashboard,Performance,High,0.11,3,1,28,High,Medium,3,4,4,Medium,10.0,Roadmap / Prioritize,Q3,Under Review
FB030,CUST1040,Customer 55,Enterprise,SaaS,Enterprise,2026-04-27,Sales Feedback,Performance Issue,We are seeing repeated issues here and it is affecting daily workflows.,Security,Audit Logs,Performance,High,-0.01,3,11,16,Medium,Low,2,2,1,Low,6.43,Roadmap / Evaluate,Q4,Accepted
FB031,CUST1034,Customer 30,Startup,SaaS,Starter,2026-05-23,Support Ticket,Performance Issue,We are seeing repeated issues here and it is affecting daily workflows.,UI/UX,Onboarding Improvements,Performance,Medium,0.0,3,-4,26,Low,Medium,1,1,4,Low,6.77,Roadmap / Prioritize,Q2,Closed
FB032,CUST1029,Customer 58,Free,FinTech,Free,2026-07-10,Customer Success,Feature Request,Our IT team needs SSO and automated user provisioning. This would make the workflow more efficient for our team.,Security,SSO & SCIM,Missing Capability,Medium,-0.21,3,-12,21,Very High,High,5,5,4,High,10.0,Roadmap / Prioritize,Q3,Planned
FB033,CUST1021,Customer 58,SMB,Retail,Pro,2026-01-21,NPS Survey,Customer Experience Issue,The AI summaries save our team time when reviewing customer feedback. We would consider broader adoption if this were improved.,AI,AI Summary Assistant,Experience,High,-0.15,3,-27,34,Medium,Low,4,1,3,Low,9.53,Roadmap / Prioritize,Q1,Analyzed
FB034,CUST1058,Customer 50,Enterprise,Retail,Enterprise,2026-06-28,Customer Interview,Bug,We are seeing repeated issues here and it is affecting daily workflows.,Security,SSO & SCIM,Reliability,High,-0.27,2,-28,27,Medium,Medium,4,1,2,High,7.45,Roadmap / Prioritize,Q3,Accepted
FB035,CUST1032,Customer 15,Startup,Healthcare,Starter,2026-04-22,Customer Success,Customer Experience Issue,We need configurable reports for different stakeholder groups. This would make the workflow more efficient for our team.,Analytics,Custom Reports,Experience,Critical,-0.5,2,-12,23,Low,Low,4,5,5,Medium,9.97,Roadmap / Prioritize,Q4,Under Review
FB036,CUST1002,Customer 06,Enterprise,Professional Services,Enterprise,2026-04-20,NPS Survey,Bug,We need a complete audit trail for compliance reviews. Please improve this before the next release.,Security,Audit Logs,Reliability,Medium,0.25,4,17,30,High,High,5,1,4,Medium,10.0,Roadmap / Prioritize,Q4,Closed
FB037,CUST1031,Customer 02,Startup,Professional Services,Starter,2026-05-19,Customer Interview,Feature Request,The mobile experience needs a cleaner workflow and faster loading. This would make the workflow more efficient for our team.,UI/UX,Mobile App Improvements,Missing Capability,High,-0.69,2,-47,30,Low,Medium,4,3,4,Low,10.0,Roadmap / Prioritize,Q4,New
FB038,CUST1031,Customer 43,Free,SaaS,Free,2026-05-25,Support Ticket,Bug,We need a complete audit trail for compliance reviews. The current experience is causing avoidable friction.,Security,Audit Logs,Reliability,Medium,0.89,4,66,3,High,High,2,1,5,Low,9.13,Roadmap / Prioritize,Q4,Under Review
FB039,CUST1037,Customer 44,SMB,Education,Pro,2026-04-12,Support Ticket,Feature Request,Our integrations hit API limits during peak processing windows.,API,API Rate Limit Increase,Missing Capability,Medium,0.19,3,27,8,High,Low,3,1,5,Low,8.53,Roadmap / Prioritize,Q3,Analyzed
FB040,CUST1043,Customer 24,Enterprise,SaaS,Enterprise,2026-05-10,Product Usage,Integration Request,We need a complete audit trail for compliance reviews.,Security,Audit Logs,Integration Gap,High,0.06,3,-7,20,High,Medium,1,5,1,Low,9.46,Roadmap / Prioritize,Q4,Accepted
FB041,CUST1018,Customer 40,Mid-Market,Retail,Business,2026-07-18,Customer Success,Product Enhancement,The AI summaries save our team time when reviewing customer feedback. This would make the workflow more efficient for our team.,AI,AI Summary Assistant,Workflow Improvement,High,0.24,3,24,24,Medium,High,2,4,2,Medium,9.59,Roadmap / Prioritize,Q1,Closed
FB042,CUST1025,Customer 22,SMB,SaaS,Pro,2026-05-07,App Store Review,Product Enhancement,We need more granular permissions for different teams. This would make the workflow more efficient for our team.,Security,Role-Based Permissions,Workflow Improvement,High,0.46,3,26,16,High,Low,4,2,4,Medium,9.36,Roadmap / Prioritize,Q3,Closed
FB043,CUST1036,Customer 49,Mid-Market,FinTech,Business,2026-06-26,Customer Success,Feature Request,Billing notifications should arrive before invoices become overdue. This would make the workflow more efficient for our team.,Billing,Billing Alerts,Missing Capability,Medium,0.23,3,-3,18,Medium,Medium,2,1,2,Medium,6.41,Roadmap / Evaluate,Q4,Accepted
FB044,CUST1028,Customer 48,Startup,Retail,Starter,2026-03-26,App Store Review,Usability Issue,Billing notifications should arrive before invoices become overdue. The current experience is causing avoidable friction.,Billing,Billing Alerts,Usability,High,-0.13,2,-3,15,Medium,Low,5,3,4,Medium,9.65,Roadmap / Prioritize,Q4,Analyzed
FB045,CUST1047,Customer 38,Startup,Retail,Starter,2026-06-02,Product Review,Feature Request,The mobile experience needs a cleaner workflow and faster loading.,UI/UX,Mobile App Improvements,Missing Capability,High,-0.41,3,-38,13,Low,Medium,2,2,2,Medium,5.01,Roadmap / Evaluate,Q4,Analyzed
FB046,CUST1009,Customer 41,Free,Education,Free,2026-01-27,Customer Interview,Product Enhancement,The mobile experience needs a cleaner workflow and faster loading.,UI/UX,Mobile App Improvements,Workflow Improvement,Medium,0.11,4,-7,20,Low,Medium,3,1,1,Medium,5.35,Roadmap / Evaluate,Q4,Closed
FB047,CUST1041,Customer 44,SMB,SaaS,Pro,2026-02-08,NPS Survey,Usability Issue,Our team wants product alerts delivered directly into Slack. Please improve this before the next release.,Integrations,Slack Integration,Usability,High,-0.09,4,-25,4,Low,High,1,1,4,Medium,4.76,Roadmap / Evaluate,Q3,Planned
FB048,CUST1020,Customer 56,Startup,Retail,Starter,2026-04-20,Product Review,Complaint,A dark mode would make long working sessions easier on the eyes. The current experience is causing avoidable friction.,UI/UX,Dark Mode,Customer Dissatisfaction,High,-0.1,3,3,27,Medium,Medium,2,5,4,Medium,10.0,Roadmap / Prioritize,Q2,Accepted
FB049,CUST1011,Customer 01,SMB,Education,Pro,2026-04-26,Community Forum,Feature Request,New users are struggling to understand the first setup steps.,UI/UX,Onboarding Improvements,Missing Capability,Low,0.1,3,14,14,Medium,Low,1,2,2,Low,6.15,Roadmap / Evaluate,Q2,New
FB050,CUST1015,Customer 42,SMB,FinTech,Pro,2026-03-10,NPS Survey,Feature Request,The mobile experience needs a cleaner workflow and faster loading. We would consider broader adoption if this were improved.,UI/UX,Mobile App Improvements,Missing Capability,High,-0.07,3,-1,30,Low,Low,3,5,2,Medium,8.6,Roadmap / Prioritize,Q4,Planned
FB051,CUST1029,Customer 06,Enterprise,Retail,Enterprise,2026-01-11,Sales Feedback,Feature Request,The mobile experience needs a cleaner workflow and faster loading. We would consider broader adoption if this were improved.,UI/UX,Mobile App Improvements,Missing Capability,Medium,0.01,3,4,19,Medium,Low,3,4,3,Medium,8.89,Roadmap / Prioritize,Q4,Accepted
FB052,CUST1031,Customer 34,Startup,Professional Services,Starter,2026-04-24,Product Review,Pricing Feedback,We need deeper analytics and trend visibility for product reviews.,Analytics,Advanced Analytics Dashboard,Pricing,High,-0.35,3,-19,2,Very High,Medium,3,5,1,Medium,8.96,Roadmap / Prioritize,Q3,Under Review
FB053,CUST1019,Customer 43,Mid-Market,Education,Business,2026-07-28,Social Media,Performance Issue,We need a complete audit trail for compliance reviews. Please improve this before the next release.,Security,Audit Logs,Performance,Low,0.12,4,-4,31,Low,Low,1,2,3,Medium,5.94,Roadmap / Evaluate,Q4,Accepted
FB054,CUST1034,Customer 24,Enterprise,Retail,Enterprise,2026-07-13,Customer Success,Feature Request,The mobile experience needs a cleaner workflow and faster loading. This would make the workflow more efficient for our team.,UI/UX,Mobile App Improvements,Missing Capability,High,0.07,4,-5,26,High,High,1,5,4,Medium,10.0,Roadmap / Prioritize,Q4,Under Review
FB055,CUST1011,Customer 20,SMB,Retail,Pro,2026-01-04,Social Media,Customer Experience Issue,Exporting large datasets one by one is slowing our reporting process. This would make the workflow more efficient for our team.,Data Export,Bulk Export,Experience,Medium,0.47,4,43,19,Medium,Medium,1,1,5,Medium,7.45,Roadmap / Prioritize,Q2,Closed
FB056,CUST1031,Customer 16,SMB,Education,Pro,2026-05-22,NPS Survey,Feature Request,The AI summaries save our team time when reviewing customer feedback.,AI,AI Summary Assistant,Missing Capability,Medium,0.73,4,42,8,Medium,Low,3,5,3,Medium,9.0,Roadmap / Prioritize,Q1,Accepted
FB057,CUST1019,Customer 47,SMB,Healthcare,Pro,2026-08-03,Community Forum,Complaint,We are seeing repeated issues here and it is affecting daily workflows.,Search,Faster Search,Customer Dissatisfaction,Low,0.2,3,13,5,Low,Medium,4,3,5,Low,8.95,Roadmap / Prioritize,Q2,New
FB058,CUST1045,Customer 16,SMB,Retail,Pro,2026-04-09,Support Ticket,Integration Request,The AI summaries save our team time when reviewing customer feedback.,AI,AI Summary Assistant,Integration Gap,Medium,0.3,4,31,31,Low,Medium,5,4,4,High,10.0,Roadmap / Prioritize,Q1,Under Review
FB059,CUST1022,Customer 56,Startup,SaaS,Starter,2026-08-12,Customer Success,Usability Issue,We are seeing repeated issues here and it is affecting daily workflows.,API,API Rate Limit Increase,Usability,Medium,0.2,4,11,25,Medium,Medium,2,4,1,Low,9.29,Roadmap / Prioritize,Q3,Planned
FB060,CUST1006,Customer 55,Enterprise,Healthcare,Enterprise,2026-08-07,Product Usage,Complaint,We are seeing repeated issues here and it is affecting daily workflows.,Analytics,Advanced Analytics Dashboard,Customer Dissatisfaction,High,0.61,4,33,10,Low,Medium,3,3,5,Medium,8.11,Roadmap / Prioritize,Q3,Closed
FB061,CUST1006,Customer 28,Startup,SaaS,Starter,2026-07-14,Product Usage,Bug,We are seeing repeated issues here and it is affecting daily workflows.,API,API Rate Limit Increase,Reliability,Medium,-0.1,3,-10,32,High,Low,1,2,3,High,7.12,Roadmap / Prioritize,Q3,Closed
FB062,CUST1034,Customer 27,Startup,Retail,Starter,2026-06-24,NPS Survey,Feature Request,Our IT team needs SSO and automated user provisioning. We would consider broader adoption if this were improved.,Security,SSO & SCIM,Missing Capability,High,0.05,3,3,2,Low,Medium,3,3,3,Medium,6.16,Roadmap / Evaluate,Q3,Under Review
FB063,CUST1001,Customer 58,Mid-Market,Education,Business,2026-03-15,Product Usage,Feature Request,The AI summaries save our team time when reviewing customer feedback. This would make the workflow more efficient for our team.,AI,AI Summary Assistant,Missing Capability,Medium,-0.04,2,-8,16,Medium,Medium,2,4,3,Medium,8.61,Roadmap / Prioritize,Q1,Closed
FB064,CUST1016,Customer 25,SMB,Retail,Pro,2026-04-02,Community Forum,Feature Request,Our integrations hit API limits during peak processing windows. We would consider broader adoption if this were improved.,API,API Rate Limit Increase,Missing Capability,High,0.09,3,-9,28,Medium,Low,3,2,4,High,8.04,Roadmap / Prioritize,Q3,New
FB065,CUST1050,Customer 52,Mid-Market,FinTech,Business,2026-06-05,App Store Review,Integration Request,We need deeper analytics and trend visibility for product reviews. We would consider broader adoption if this were improved.,Analytics,Advanced Analytics Dashboard,Integration Gap,Medium,0.25,4,7,1,Medium,Medium,1,5,4,High,7.21,Roadmap / Prioritize,Q3,Analyzed
FB066,CUST1047,Customer 09,Mid-Market,SaaS,Business,2026-03-17,App Store Review,Feature Request,The mobile experience needs a cleaner workflow and faster loading. We would consider broader adoption if this were improved.,UI/UX,Mobile App Improvements,Missing Capability,Medium,0.24,3,3,9,Medium,High,1,3,4,Low,8.8,Roadmap / Prioritize,Q4,Analyzed
FB067,CUST1048,Customer 56,Startup,Healthcare,Starter,2026-07-25,Survey,Feature Request,Our IT team needs SSO and automated user provisioning. We would consider broader adoption if this were improved.,Security,SSO & SCIM,Missing Capability,Low,0.55,4,52,24,Medium,High,2,3,4,High,9.28,Roadmap / Prioritize,Q3,Analyzed
FB068,CUST1008,Customer 30,SMB,Healthcare,Pro,2026-06-22,Product Usage,Feature Request,Billing notifications should arrive before invoices become overdue.,Billing,Billing Alerts,Missing Capability,Low,0.75,4,41,26,Very High,High,3,1,4,Low,10.0,Roadmap / Prioritize,Q4,Planned
FB069,CUST1041,Customer 53,Mid-Market,Education,Business,2026-06-29,Product Review,Bug,We need a complete audit trail for compliance reviews. Please improve this before the next release.,Security,Audit Logs,Reliability,High,-0.01,3,6,15,Medium,Medium,5,3,5,Low,10.0,Roadmap / Prioritize,Q4,New
FB070,CUST1048,Customer 45,Startup,Retail,Starter,2026-04-18,Community Forum,Feature Request,We need deeper analytics and trend visibility for product reviews.,Analytics,Advanced Analytics Dashboard,Missing Capability,High,0.93,5,79,32,Low,Low,5,2,4,Medium,9.6,Roadmap / Prioritize,Q3,Closed
FB071,CUST1016,Customer 55,Startup,Healthcare,Starter,2026-01-26,Product Usage,Feature Request,We need configurable reports for different stakeholder groups. We would consider broader adoption if this were improved.,Analytics,Custom Reports,Missing Capability,High,0.12,4,4,32,Medium,High,3,1,3,Low,10.0,Roadmap / Prioritize,Q4,Accepted
FB072,CUST1002,Customer 04,Mid-Market,Healthcare,Business,2026-03-04,NPS Survey,Complaint,We need a complete audit trail for compliance reviews. Please improve this before the next release.,Security,Audit Logs,Customer Dissatisfaction,High,0.06,3,2,18,Low,Low,4,1,2,Medium,5.66,Roadmap / Evaluate,Q4,Planned
FB073,CUST1009,Customer 35,Startup,Healthcare,Starter,2026-07-24,NPS Survey,Feature Request,The AI summaries save our team time when reviewing customer feedback. We would consider broader adoption if this were improved.,AI,AI Summary Assistant,Missing Capability,High,-0.29,3,8,14,High,Low,2,5,1,Low,8.79,Roadmap / Prioritize,Q1,Under Review
FB074,CUST1008,Customer 48,Enterprise,SaaS,Enterprise,2026-05-02,Customer Success,Product Enhancement,Our IT team needs SSO and automated user provisioning.,Security,SSO & SCIM,Workflow Improvement,Medium,-0.32,3,-42,16,Medium,Low,3,1,2,Medium,5.97,Roadmap / Evaluate,Q3,Planned
FB075,CUST1004,Customer 31,Startup,Education,Starter,2026-04-20,Product Usage,Performance Issue,A dark mode would make long working sessions easier on the eyes. Please improve this before the next release.,UI/UX,Dark Mode,Performance,Medium,0.07,4,6,3,High,High,5,3,4,Medium,10.0,Roadmap / Prioritize,Q2,New
FB076,CUST1025,Customer 39,Enterprise,Retail,Enterprise,2026-03-17,Customer Success,Integration Request,Our team wants product alerts delivered directly into Slack.,Integrations,Slack Integration,Integration Gap,Low,0.15,3,19,21,Medium,Low,3,5,5,Medium,10.0,Roadmap / Prioritize,Q3,Analyzed
FB077,CUST1007,Customer 21,SMB,Education,Pro,2026-03-22,Product Usage,Usability Issue,We are seeing repeated issues here and it is affecting daily workflows.,Billing,Billing Alerts,Usability,High,-0.35,3,-24,14,Medium,High,4,3,4,Medium,10.0,Roadmap / Prioritize,Q4,Closed
FB078,CUST1036,Customer 22,Mid-Market,Professional Services,Business,2026-02-01,Sales Feedback,Positive Feedback,The recent improvements have made our team's workflow noticeably better.,Security,Audit Logs,Strength,High,1.0,5,46,6,Low,Low,3,2,5,Low,7.43,Roadmap / Prioritize,Q4,Planned
FB079,CUST1043,Customer 31,Mid-Market,FinTech,Business,2026-08-05,Survey,Integration Request,Billing notifications should arrive before invoices become overdue. This would make the workflow more efficient for our team.,Billing,Billing Alerts,Integration Gap,Low,0.5,4,45,4,Very High,Medium,3,1,5,Medium,8.88,Roadmap / Prioritize,Q4,Under Review
FB080,CUST1054,Customer 45,Mid-Market,Healthcare,Business,2026-01-08,NPS Survey,Performance Issue,A dark mode would make long working sessions easier on the eyes. Please improve this before the next release.,UI/UX,Dark Mode,Performance,Medium,-0.02,3,5,28,High,High,5,5,5,Low,10.0,Roadmap / Prioritize,Q2,Closed
FB081,CUST1006,Customer 48,Mid-Market,Retail,Business,2026-02-25,Sales Feedback,Customer Experience Issue,International users need localized navigation and help content. This would make the workflow more efficient for our team.,Localization,Multi-language Support,Experience,Medium,0.44,3,27,12,High,Medium,4,1,2,Medium,8.02,Roadmap / Prioritize,Q1,New
FB082,CUST1028,Customer 32,SMB,Retail,Pro,2026-04-24,Sales Feedback,Bug,Our integrations hit API limits during peak processing windows. Please improve this before the next release.,API,API Rate Limit Increase,Reliability,Medium,0.07,3,26,6,High,Low,5,1,1,Low,7.63,Roadmap / Prioritize,Q3,Closed
FB083,CUST1004,Customer 01,Mid-Market,FinTech,Business,2026-03-19,Support Ticket,Customer Experience Issue,A dark mode would make long working sessions easier on the eyes. This would make the workflow more efficient for our team.,UI/UX,Dark Mode,Experience,Medium,0.31,3,33,19,Medium,Medium,5,3,1,Low,10.0,Roadmap / Prioritize,Q2,Planned
FB084,CUST1052,Customer 23,Startup,SaaS,Starter,2026-04-12,Customer Interview,Customer Experience Issue,The mobile experience needs a cleaner workflow and faster loading. This would make the workflow more efficient for our team.,UI/UX,Mobile App Improvements,Experience,High,0.44,4,13,32,High,Low,4,5,2,Medium,10.0,Roadmap / Prioritize,Q4,Closed
FB085,CUST1052,Customer 40,SMB,Education,Pro,2026-08-01,App Store Review,Usability Issue,A dark mode would make long working sessions easier on the eyes. Please improve this before the next release.,UI/UX,Dark Mode,Usability,Medium,0.06,4,-4,26,High,Low,1,4,1,High,7.03,Roadmap / Prioritize,Q2,Under Review
FB086,CUST1033,Customer 41,Enterprise,SaaS,Enterprise,2026-05-16,Social Media,Product Enhancement,Exporting large datasets one by one is slowing our reporting process. This would make the workflow more efficient for our team.,Data Export,Bulk Export,Workflow Improvement,Medium,0.32,4,12,34,Low,High,3,2,3,Medium,8.96,Roadmap / Prioritize,Q2,New
FB087,CUST1005,Customer 12,Mid-Market,Professional Services,Business,2026-05-07,Customer Success,Customer Experience Issue,Our integrations hit API limits during peak processing windows. We would consider broader adoption if this were improved.,API,API Rate Limit Increase,Experience,Low,0.43,2,18,10,Low,Low,2,2,5,Low,6.82,Roadmap / Prioritize,Q3,Closed
FB088,CUST1020,Customer 51,Startup,Healthcare,Starter,2026-06-01,Customer Interview,Customer Experience Issue,Our team wants product alerts delivered directly into Slack. We would consider broader adoption if this were improved.,Integrations,Slack Integration,Experience,Low,0.38,3,46,21,High,Medium,2,4,1,Medium,8.91,Roadmap / Prioritize,Q3,Closed
FB089,CUST1038,Customer 36,Mid-Market,Professional Services,Business,2026-01-11,Customer Success,Feature Request,Our team wants product alerts delivered directly into Slack. This would make the workflow more efficient for our team.,Integrations,Slack Integration,Missing Capability,Critical,-0.85,1,-58,24,High,Low,1,5,5,Medium,9.87,Roadmap / Prioritize,Q3,Accepted
FB090,CUST1003,Customer 16,Free,Professional Services,Free,2026-04-23,Customer Success,Performance Issue,Exporting large datasets one by one is slowing our reporting process. Please improve this before the next release.,Data Export,Bulk Export,Performance,Medium,0.6,3,56,33,Low,Low,1,3,1,Medium,6.02,Roadmap / Evaluate,Q2,Under Review
FB091,CUST1036,Customer 44,SMB,Education,Pro,2026-03-14,Product Review,Pricing Feedback,Our integrations hit API limits during peak processing windows. This would make the workflow more efficient for our team.,API,API Rate Limit Increase,Pricing,Low,0.45,3,37,25,Medium,Low,5,1,3,Low,9.74,Roadmap / Prioritize,Q3,New
FB092,CUST1006,Customer 20,Startup,Retail,Starter,2026-04-07,Product Usage,Integration Request,International users need localized navigation and help content. We would consider broader adoption if this were improved.,Localization,Multi-language Support,Integration Gap,Low,0.51,4,36,22,Low,Medium,3,3,4,Low,9.35,Roadmap / Prioritize,Q1,Closed
FB093,CUST1014,Customer 22,Startup,Education,Starter,2026-02-19,Support Ticket,Product Enhancement,We need a complete audit trail for compliance reviews. We would consider broader adoption if this were improved.,Security,Audit Logs,Workflow Improvement,Low,0.34,4,32,34,Low,Medium,5,3,1,Medium,9.3,Roadmap / Prioritize,Q4,Under Review
FB094,CUST1010,Customer 11,Free,FinTech,Free,2026-08-01,Community Forum,Feature Request,The mobile experience needs a cleaner workflow and faster loading.,UI/UX,Mobile App Improvements,Missing Capability,Medium,0.64,3,71,35,High,High,1,3,5,Low,10.0,Roadmap / Prioritize,Q4,Accepted
FB095,CUST1058,Customer 54,Startup,FinTech,Starter,2026-04-05,Product Usage,Feature Request,Our team wants product alerts delivered directly into Slack.,Integrations,Slack Integration,Missing Capability,Medium,-0.35,2,-17,16,Very High,Medium,4,2,5,Low,10.0,Roadmap / Prioritize,Q3,Accepted
FB096,CUST1042,Customer 31,Free,Healthcare,Free,2026-05-22,Survey,Positive Feedback,The recent improvements have made our team's workflow noticeably better.,Integrations,Slack Integration,Strength,Medium,0.68,4,41,33,Medium,High,2,5,2,High,10.0,Roadmap / Prioritize,Q3,New
FB097,CUST1053,Customer 29,Startup,Healthcare,Starter,2026-01-07,Sales Feedback,Performance Issue,A dark mode would make long working sessions easier on the eyes. Please improve this before the next release.,UI/UX,Dark Mode,Performance,High,-0.32,3,-18,11,Low,High,2,4,1,High,5.59,Roadmap / Evaluate,Q2,Under Review
FB098,CUST1059,Customer 54,Enterprise,Education,Enterprise,2026-06-28,NPS Survey,Performance Issue,Exporting large datasets one by one is slowing our reporting process. Please improve this before the next release.,Data Export,Bulk Export,Performance,Low,0.26,4,22,24,Low,Low,1,3,2,Low,6.39,Roadmap / Evaluate,Q2,Analyzed
FB099,CUST1016,Customer 20,Startup,SaaS,Starter,2026-01-13,Support Ticket,Usability Issue,We need more granular permissions for different teams. The current experience is causing avoidable friction.,Security,Role-Based Permissions,Usability,Low,0.68,4,37,2,Low,High,5,5,5,Medium,10.0,Roadmap / Prioritize,Q3,Analyzed
FB100,CUST1028,Customer 01,SMB,Retail,Pro,2026-04-01,Support Ticket,Product Enhancement,Our team wants product alerts delivered directly into Slack.,Integrations,Slack Integration,Workflow Improvement,High,-0.31,3,-14,32,Medium,Low,5,5,2,Medium,10.0,Roadmap / Prioritize,Q3,Analyzed
FB101,CUST1003,Customer 41,SMB,Education,Pro,2026-04-06,Product Review,Feature Request,We need a complete audit trail for compliance reviews.,Security,Audit Logs,Missing Capability,Medium,0.19,3,29,24,Low,Medium,5,5,5,Low,10.0,Roadmap / Prioritize,Q4,Accepted
FB102,CUST1053,Customer 42,Startup,FinTech,Starter,2026-08-01,Product Usage,Bug,A dark mode would make long working sessions easier on the eyes. Please improve this before the next release.,UI/UX,Dark Mode,Reliability,High,-0.32,3,-25,7,High,Medium,3,2,1,Medium,6.73,Roadmap / Prioritize,Q2,Analyzed
FB103,CUST1057,Customer 03,SMB,Healthcare,Pro,2026-03-21,Social Media,Integration Request,We need a complete audit trail for compliance reviews.,Security,Audit Logs,Integration Gap,Low,0.39,4,37,5,High,High,1,3,2,Low,8.21,Roadmap / Prioritize,Q4,Under Review
FB104,CUST1028,Customer 57,SMB,Education,Pro,2026-07-10,Customer Success,Product Enhancement,Our team wants product alerts delivered directly into Slack. This would make the workflow more efficient for our team.,Integrations,Slack Integration,Workflow Improvement,Critical,-0.22,3,-15,13,Low,High,1,3,3,Low,7.07,Roadmap / Prioritize,Q3,Analyzed
FB105,CUST1035,Customer 19,Startup,Healthcare,Starter,2026-01-27,Survey,Bug,Our IT team needs SSO and automated user provisioning. Please improve this before the next release.,Security,SSO & SCIM,Reliability,Medium,0.39,4,31,24,Very High,Medium,1,4,1,Medium,9.16,Roadmap / Prioritize,Q3,Under Review
FB106,CUST1041,Customer 51,Mid-Market,SaaS,Business,2026-01-20,Product Usage,Bug,We are seeing repeated issues here and it is affecting daily workflows.,Integrations,Slack Integration,Reliability,Medium,0.16,3,19,11,Medium,Low,1,3,5,High,6.5,Roadmap / Prioritize,Q3,Analyzed
FB107,CUST1024,Customer 24,Startup,Education,Starter,2026-05-26,Customer Interview,Bug,We are seeing repeated issues here and it is affecting daily workflows.,Billing,Billing Alerts,Reliability,Medium,-0.03,4,-14,2,Low,Medium,4,1,2,Low,5.75,Roadmap / Evaluate,Q4,Closed
FB108,CUST1002,Customer 48,SMB,FinTech,Pro,2026-05-08,Social Media,Integration Request,Our integrations hit API limits during peak processing windows. This would make the workflow more efficient for our team.,API,API Rate Limit Increase,Integration Gap,Medium,-0.14,3,0,5,Medium,Medium,4,3,3,Low,9.11,Roadmap / Prioritize,Q3,New
FB109,CUST1029,Customer 12,SMB,Professional Services,Pro,2026-04-24,Survey,Performance Issue,The mobile experience needs a cleaner workflow and faster loading. Please improve this before the next release.,UI/UX,Mobile App Improvements,Performance,Medium,0.37,4,26,14,Very High,Low,4,2,1,Low,9.12,Roadmap / Prioritize,Q4,New
FB110,CUST1013,Customer 51,Startup,FinTech,Starter,2026-03-02,Customer Success,Positive Feedback,The recent improvements have made our team's workflow noticeably better.,API,API Rate Limit Increase,Strength,Medium,0.76,4,65,35,Low,Low,2,2,3,Medium,7.26,Roadmap / Prioritize,Q3,New
FB111,CUST1053,Customer 37,Enterprise,SaaS,Enterprise,2026-02-02,App Store Review,Performance Issue,Our integrations hit API limits during peak processing windows. Please improve this before the next release.,API,API Rate Limit Increase,Performance,Low,0.41,3,25,9,Medium,Low,3,4,4,Medium,8.75,Roadmap / Prioritize,Q3,Accepted
FB112,CUST1011,Customer 11,Startup,Healthcare,Starter,2026-07-01,Support Ticket,Usability Issue,We are seeing repeated issues here and it is affecting daily workflows.,Security,Audit Logs,Usability,Medium,0.32,3,12,12,High,Low,5,1,1,Medium,7.46,Roadmap / Prioritize,Q4,Analyzed
FB113,CUST1033,Customer 42,Mid-Market,FinTech,Business,2026-06-01,Community Forum,Complaint,International users need localized navigation and help content. Please improve this before the next release.,Localization,Multi-language Support,Customer Dissatisfaction,Low,0.52,4,30,17,Low,High,3,2,3,Medium,7.64,Roadmap / Prioritize,Q1,New
FB114,CUST1027,Customer 40,Enterprise,Professional Services,Enterprise,2026-01-08,Customer Success,Integration Request,New users are struggling to understand the first setup steps. We would consider broader adoption if this were improved.,UI/UX,Onboarding Improvements,Integration Gap,High,-0.28,3,-37,3,High,Low,1,5,3,Medium,7.41,Roadmap / Prioritize,Q2,Planned
FB115,CUST1014,Customer 22,Startup,Retail,Starter,2026-02-06,App Store Review,Performance Issue,We need a complete audit trail for compliance reviews. Please improve this before the next release.,Security,Audit Logs,Performance,Medium,-0.19,2,-16,26,Low,Low,1,2,4,Medium,5.87,Roadmap / Evaluate,Q4,Accepted
FB116,CUST1029,Customer 16,Startup,FinTech,Starter,2026-01-25,Customer Interview,Bug,The AI summaries save our team time when reviewing customer feedback. Please improve this before the next release.,AI,AI Summary Assistant,Reliability,Low,0.54,5,48,9,High,Medium,1,3,2,Medium,7.15,Roadmap / Prioritize,Q1,Analyzed
FB117,CUST1030,Customer 32,Mid-Market,Healthcare,Business,2026-05-08,Customer Interview,Bug,We need more granular permissions for different teams. Please improve this before the next release.,Security,Role-Based Permissions,Reliability,High,-0.19,3,-26,11,High,High,3,2,2,Medium,8.29,Roadmap / Prioritize,Q3,Planned
FB118,CUST1028,Customer 09,Enterprise,Healthcare,Enterprise,2026-07-06,App Store Review,Bug,Our team wants product alerts delivered directly into Slack. The current experience is causing avoidable friction.,Integrations,Slack Integration,Reliability,High,-0.16,3,-7,23,Low,Low,5,4,3,Medium,9.14,Roadmap / Prioritize,Q3,New
FB119,CUST1053,Customer 40,Startup,Professional Services,Starter,2026-06-06,Survey,Bug,We need configurable reports for different stakeholder groups. The current experience is causing avoidable friction.,Analytics,Custom Reports,Reliability,Medium,-0.03,3,16,13,Low,Low,4,5,4,Medium,8.87,Roadmap / Prioritize,Q4,Analyzed
FB120,CUST1009,Customer 46,Enterprise,Healthcare,Enterprise,2026-07-25,Customer Success,Feature Request,Our integrations hit API limits during peak processing windows. This would make the workflow more efficient for our team.,API,API Rate Limit Increase,Missing Capability,Medium,0.17,3,20,24,High,Low,5,4,5,Low,10.0,Roadmap / Prioritize,Q3,New
